M,88072,4623
M,4623a,4623
M,44861,92280
M,60470a,60470b
M,4599b,4599a
M,4032b,4032a
M,14769,4150
M,4865b,4865a
M,4865,4865a
M,4589,59900
M,3747a,3747b
M,3794a,3794b
M,15573,3794b
M,4070a,4070
M,3040a,3040b
M,3070a,3070b
M,3069a,3069b
M,3068a,3068b
M,3062a,3062b
M,3660a,3660
M,3660b,3660
M,2555,12825
M,15712,12825
M,93794,12825
M,3044a,3044b
M,32064b,32064a
M,32064c,32064a
M,3711a,14696
M,3711b,14696
M,2412a,2412b
M,4085a,60897
M,4085b,60897
M,4085c,60897
M,10201,2436
M,4864a,87552
M,4864b,87552
