"2017-11-19 20:35:08",7134-1,1,,""
"2017-11-19 20:35:14",6490-1,1,,""
"2017-11-19 20:35:17",4431-1,1,,""
"2017-11-19 20:35:20",7131-1,1,,""
"2017-11-19 20:35:23",5891-1,1,,""
"2017-11-19 20:35:27",6244-1,1,,""
"2017-11-19 20:35:30",41517-1,1,,""
"2017-11-19 20:35:33",6024-1,1,,""
"2017-11-19 20:35:36",1954-2,1,,""
"2017-11-19 20:35:39",6007-1,1,,""
"2017-11-19 20:35:42",6027-1,1,,""
"2017-11-19 20:35:49",31026-1,1,,""
"2017-11-19 20:35:53",6918-1,1,,""
"2017-11-19 20:35:57",8202-1,1,,""
"2017-11-19 20:36:00",6879-1,1,,""
"2017-11-19 20:36:10",6247-1,1,,""
"2017-11-19 20:36:14",545-1,1,,""
"2017-11-19 20:36:20",6239-1,1,,""
"2017-11-19 20:36:24",6266-1,1,,""
"2017-11-19 20:36:27",4559-1,1,,""
"2017-11-19 20:36:30",6257-1,1,,""
"2017-11-19 20:36:40",41512-1,1,,""
"2017-11-19 20:36:43",4304-1,1,,""
"2017-11-19 20:36:47",6481-1,1,,""
"2017-11-19 20:36:50",31005-1,1,,""
"2017-11-19 20:36:53",5767-1,1,,""
"2017-11-19 20:36:56",10694-1,1,,""
"2017-11-19 20:36:59",4520-1,5,,""
"2017-11-19 20:37:02",8017-1,1,,""
"2017-11-19 20:37:08",8408-1,1,,""
"2017-11-19 20:37:12",7104-1,1,,""
"2017-11-19 20:37:15",79011-1,1,,""
"2017-11-19 20:37:18",7111-1,1,,""
"2017-11-19 20:37:21",7139-1,1,,""
"2017-11-19 20:37:28",31004-1,1,,""
"2017-11-19 20:37:31",7200-1,1,,""
"2017-11-19 20:37:34",6082-1,1,,""
"2017-11-19 20:37:41",6531-1,2,,""
"2017-11-19 20:37:47",70400-1,1,,""
"2017-11-19 20:37:51",6054-1,1,,""
"2017-11-19 20:37:54",9469-1,1,,""
"2017-11-19 20:37:57",6513-1,1,,""
"2017-11-19 20:38:03",41518-1,1,,""
"2017-11-19 20:38:06",41519-1,1,,""
"2017-11-19 20:38:09",8506-1,1,,""
"2017-11-19 20:38:15",7115-1,1,,""
"2017-11-19 20:38:18",8215-1,1,,""
"2017-11-19 20:38:22",60046-1,1,,""
"2017-11-19 20:38:25",31006-1,1,,""
"2017-11-19 20:38:29",41523-1,1,,""
"2017-11-19 20:38:36",6814-1,1,,""
"2017-11-19 20:38:39",6898-1,1,,""
"2017-11-19 20:38:43",250-1,1,,""
"2017-11-19 20:38:46",7103-1,1,,""
"2017-11-19 20:38:50",10223-1,1,,""
"2017-11-19 20:38:54",6059-1,1,,""
"2017-11-19 20:38:57",41503-1,1,,""
"2017-11-19 20:39:03",6267-1,1,,""
"2017-11-19 20:39:07",7110-1,1,,""
"2017-11-19 20:39:10",7101-1,1,,""
"2017-11-19 20:39:16",5766-1,1,,""
"2017-11-19 20:39:23",41510-1,1,,""
"2017-11-19 20:39:26",41525-1,1,,""
"2017-11-19 20:39:30",6023-1,1,,""
"2017-11-19 20:39:33",10193-1,1,,""
"2017-11-19 20:39:36",7189-1,1,,""
"2017-11-19 20:39:39",1969-1,1,,""
"2017-11-19 20:39:49",7141-1,1,,""
"2017-11-19 20:39:52",7121-1,1,,""
"2017-11-19 20:39:55",8825-1,1,,""
"2017-11-19 20:39:58",8412-1,1,,""
"2017-11-19 20:40:05",6045-1,1,,""
"2017-11-19 20:40:08",5938-1,1,,""
"2017-11-19 20:40:11",8816-1,1,,""
"2017-11-19 20:40:17",10218-1,1,,""
"2017-11-19 20:40:20",1970-1,1,,""
"2017-11-19 20:40:23",8093-1,1,,""
"2017-11-19 20:40:27",7279-1,1,,""
"2017-11-19 20:40:30",8720-1,1,,""
"2017-11-19 20:40:33",6718-1,1,,""
"2017-11-19 20:40:36",8083-1,1,,""
"2017-11-19 20:40:43",6268-1,1,,""
"2017-11-19 20:40:46",8225-1,1,,""
"2017-11-19 20:40:55",6008-1,1,,""
"2017-11-19 20:40:58",6835-1,1,,""
"2017-11-19 20:41:01",41522-1,1,,""
"2017-11-19 20:41:08",7346-1,1,,""
"2017-11-19 20:41:14",6260-1,1,,""
"2017-11-19 20:41:17",6036-1,1,,""
"2017-11-19 20:41:21",41509-1,1,,""
"2017-11-19 20:41:24",31009-1,1,,""
"2017-11-19 20:41:30",1710-1,1,,""
"2017-11-19 20:41:34",8084-1,1,,""
"2017-11-19 20:41:40",7128-1,1,,""
"2017-11-19 20:41:47",31017-1,1,,""
"2017-11-19 20:41:50",70808-1,1,,""
"2017-11-19 20:41:53",6912-1,1,,""
"2017-11-19 20:41:56",8022-1,1,,""
"2017-11-19 20:41:59",41516-1,1,,""
"2017-11-19 20:42:02",79006-1,1,,""
"2017-11-19 20:42:06",70811-1,1,,""
"2017-11-19 20:42:09",41520-1,1,,""
"2017-11-19 20:42:12",7638-1,1,,""
"2017-11-19 20:42:19",1959-1,1,,""
"2017-11-19 20:42:22",8034-1,1,,""
"2017-11-19 20:42:25",8074-1,1,,""
"2017-11-19 20:42:29",8042-1,1,,""
"2017-11-19 20:42:32",8032-1,1,,""
"2017-11-19 20:42:39",41501-1,1,,""
"2017-11-19 20:42:45",6663-1,1,,""
"2017-11-19 20:42:50",1898-1,1,,""
"2017-11-19 20:42:53",1899-1,1,,""
"2017-11-19 20:43:00",6087-1,1,,""
"2017-11-19 20:43:04",30265-1,1,,""
"2017-11-19 20:43:07",7140-1,1,,""
"2017-11-20 18:18:05",6155-1,1,,""
"2017-11-20 18:18:22",6852-1,1,,""
"2017-11-20 18:18:27",6854-1,1,,""
"2017-11-20 18:18:32",6834-1,1,,""
"2017-11-20 18:18:36",6115-1,1,,""
"2017-11-20 18:18:41",6815-1,1,,""
"2017-11-20 18:18:46",6812-1,1,,""
"2017-11-20 18:18:54",6125-1,1,,""
"2017-11-20 18:18:59",6564-1,1,,""
"2017-11-20 18:19:04",6517-1,1,,""
"2017-11-20 18:19:08",6515-1,1,,""
"2017-11-20 18:19:13",7241-1,1,,""
"2017-11-20 18:19:20",6491-1,1,,""
"2017-11-20 18:19:24",6437-1,1,,""
"2017-11-20 18:19:29",6516-1,1,,""
"2017-11-20 18:25:07",70809-1,1,,""
"2017-11-20 18:35:39",21022-1,1,,""
"2017-11-20 18:42:17",41535-1,1,,""
"2017-11-20 18:42:25",41532-1,1,,""
"2017-11-20 18:42:31",41540-1,1,,""
"2017-11-20 18:42:37",41531-1,1,,""
"2017-11-20 18:42:41",41533-1,1,,""
"2017-11-20 18:42:49",41539-1,1,,""
"2017-11-20 18:42:52",41528-1,1,,""
"2017-11-20 18:42:56",41527-1,1,,""
"2017-11-20 18:43:05",41541-1,1,,""
"2017-11-20 18:43:10",41534-1,1,,""
"2017-11-20 19:05:12",31025-1,1,,""
"2017-11-20 19:05:20",10243-1,1,,""
"2017-11-20 19:08:31",21109-1,1,,""
"2017-11-20 19:09:54",31010-1,1,,""
"2017-11-20 22:16:46",6913-1,1,,""
"2017-11-21 01:37:42",31054-1,2,,""
"2017-12-27 18:19:20",31067-1,1,"christmas 2017",""
"2017-12-27 18:19:30",31068-1,1,"christmas 2017",""
"2017-12-27 18:19:36",31065-1,1,"christmas 2017",""
"2017-12-27 18:19:48",10706-1,1,"christmas 2017",""
"2017-12-27 18:19:55",10708-1,1,"christmas 2017",""
"2017-12-27 18:21:23",31055-1,1,"christmas 2017",""
"2018-01-01 00:00:01",42008-1,1,workbench,""
"2018-07-25 17:12:43",1269-1,2,20180615,""
"2018-07-28 13:20:35",8067-1,1,20180727-garage-sale,""
"2018-02-20 00:00:00",10401-1,1,wwyb,""
"2018-02-20 00:00:00",10402-1,1,wwyb,""
"2018-02-20 00:00:00",10403-1,1,wwyb,""
"2018-02-20 00:00:00",10404-1,1,wwyb,""
"2018-02-20 00:00:00",10405-1,1,wwyb,""
"2018-02-20 00:00:00",40290-1,1,wwyb,""
"2018-07-31 16:21:02",4515-1,1,,""
"2018-07-31 20:20:47",5284-1,1,,""
"2018-10-01 00:00:01",17101-1,1,,""
"2019-06-12 00:32:06",853840-1,1,,""
"2019-06-12 00:32:25",853841-1,1,,""
"2019-06-12 00:32:34",70820-1,1,,""
"2019-06-12 00:32:42",75239-1,1,,""
"2019-06-12 00:32:49",75241-1,1,,""
"2019-06-12 00:33:39",75238-1,1,,""
"2019-06-12 00:34:11",31084-1,1,,""
"2019-06-12 00:34:22",10872-1,1,,""
"2019-06-12 00:34:29",853842-1,1,,""
"2019-06-12 00:34:36",88005-1,3,,""
"2019-06-12 00:34:45",75890-1,1,,""
"2019-06-12 00:34:51",75891-1,1,,""
"2019-06-12 00:34:56",75892-1,1,,""
"2019-06-12 00:40:37",10875-1,1,,""
"2019-06-17 21:46:17",31080-1,1,,""
"2020-06-15 18:00:00",31089-1,1,birthday,""
"2020-09-19 11:08:57",31040-1,1,bl20200908,""
"2020-09-19 11:09:03",9390-1,1,bl20200908,""
"2020-12-17 00:00:01",60197-1,2,tpu,""
"2020-12-17 00:00:01",10717-1,1,tpu,""
"2020-12-17 00:00:01",31097-1,1,tpu,""
"2020-12-17 00:00:01",60238-1,1,tpu,""
"2020-12-17 00:00:01",45303-1,1,tpu,""
"2020-12-17 00:00:01",88005-1,3,tpu,""
"2020-12-25 00:00:01",31099-1,1,"christmas jon",""
"2020-12-25 00:00:01",31100-1,1,"christmas jon",""
"2020-12-25 00:00:01",11006-1,1,"christmas benji",""
"2021-01-23 22:53:31",40341-1,3,,""
"2021-03-13 16:26:30",60304-1,3,,""
"2021-03-13 16:26:48",60292-1,2,,""
"2021-03-13 16:27:00",42124-1,1,,""
"2021-05-28 04:48:57",71360-1,1,,""
"2021-05-28 04:49:41",71365-1,1,,""
"2021-05-28 04:49:48",71367-1,1,,""
"2021-05-28 04:50:38",71371-1,1,,""
"2021-05-28 04:50:43",71370-1,1,,""
"2021-05-28 04:50:53",71372-1,1,,""
"2021-05-28 04:50:58",71373-1,1,,""
"2021-06-04 00:00:01",76112-1,1,,""
"2021-06-04 00:00:01",60197-1,1,,""
"2021-06-15 00:00:01",31105-1,1,,""
"2021-07-30 00:00:01",76389-1,1,,""
"2021-07-30 00:00:01",80022-1,1,,""
"2021-07-30 00:00:01",41449-1,1,,""
"2021-12-01 00:00:01",51515-1,2,,""
"2021-12-25 00:00:01",21327-1,2,,""
"2021-12-25 00:00:01",42102-1,1,,""
"2021-12-25 00:00:01",71369-1,1,"christmas-benji",""
"2022-01-01 00:00:01",71387-1,2,,""
"2022-01-04 00:00:01",10696-1,1,,""
"2022-01-29 00:00:01",31114-1,1,,""
"2022-06-15 00:00:01",31124-1,1,,""
"2022-07-15 00:00:01",10243-1,-1,,displayed
"2022-07-15 00:00:01",10218-1,-1,,displayed
"2022-07-15 00:00:01",10246-1,1,,
"2022-07-15 00:00:01",10246-1,-1,,nib
"2021-07-15 00:00:01",21327-1,-1,,displayed
"2021-07-15 00:00:01",21327-1,-1,,nib
"2021-07-15 00:00:01",31026-1,-1,,displayed
"2021-07-15 00:00:01",31036-1,1,,
"2021-07-15 00:00:01",31036-1,-1,,displayed
"2021-07-15 00:00:01",31050-1,1,,
"2021-07-15 00:00:01",31050-1,-1,,displayed
"2021-07-15 00:00:01",31065-1,-1,,displayed
"2021-07-15 00:00:01",31097-1,-1,,displayed
"2021-07-15 00:00:01",31105-1,-1,,displayed
"2021-07-15 00:00:01",21310-1,1,,nib
"2021-07-15 00:00:01",21310-1,-1,,nib
"2021-07-15 00:00:01",4002018-1,1,,""
"2021-07-15 00:00:01",4002019-1,1,,""
"2021-07-15 00:00:01",4002021-1,1,,""
"2021-07-15 00:00:01",4002018-1,-1,,nib
"2021-07-15 00:00:01",4002019-1,-1,,nib
"2021-07-15 00:00:01",4002021-1,-1,,nib
"2022-05-01 00:00:01",45345-1,2,,
"2022-05-01 00:00:01",71397-1,1,,
"2022-08-22 00:00:01",9747-1,1,,departmental
"2022-08-22 00:00:01",3804-1,1,,departmental
"2022-08-22 00:00:01",9736-1,1,,departmental
"2022-08-22 00:00:01",3801-1,1,,departmental
"2022-08-22 00:00:01",9731-1,1,,departmental
"2022-10-09 00:00:01",60335-1,1,,""
"2022-10-09 00:00:01",60336-1,1,,""
"2022-10-09 00:00:01",71403-1,1,,""
"2022-10-09 00:00:01",21335-1,1,,""
"2022-10-11 00:00:01",75295-1,1,benji-birthday,""
"2022-12-30 00:00:01",4002022-1,1,,""
"2022-12-30 00:00:01",4002022-1,-1,,nib
"2022-12-30 00:00:01",75321-1,1,christmas-benji,""
"2022-12-30 00:00:01",71404-1,1,christmas-benji,""
"2022-12-30 00:00:01",41942-1,1,christmas-benji,""
"2022-12-30 00:00:01",41950-1,1,christmas-benji,""
"2022-12-30 00:00:01",31113-1,1,christmas-benji,""
"2022-12-30 00:00:01",76907-1,1,,""
"2023-04-23 00:00:01",88005-1,3,,""
"2023-04-23 00:00:01",60353-1,1,,""
"2023-04-23 00:00:01",60354-1,1,,""
"2023-04-23 00:00:01",60355-1,1,,""
"2023-04-23 00:00:01",76918-1,1,,""
"2023-04-23 00:00:01",10316-1,1,,
"2023-04-23 00:00:01",10316-1,-1,,"displayed"
"2023-06-15 00:00:01",76903-1,1,,birthday
"2023-07-10 00:00:01",76423-1,2,,
"2023-07-10 00:00:01",10317-1,2,,
"2023-10-11 00:00:01",21240-1,1,birthday-benji,
"2023-11-21 00:00:01",10698-1,2,,
"2023-12-02 00:00:01",10315-1,1,,
"2023-12-02 00:00:01",40657-1,1,,
"2023-12-02 00:00:01",71459-1,1,,
"2023-12-02 00:00:01",71461-1,1,,
"2023-12-25 00:00:01",76909-1,1,christmas,
"2023-12-25 00:00:01",4002023-1,1,christmas,nib
"2023-12-25 00:00:01",21189-1,1,christmas-benji,
"2024-03-30 00:00:01",21344-1,1,,
"2024-03-30 00:00:01",76429-1,1,,
"2024-06-12 00:00:01",60205-1,1,,
"2024-08-24 00:00:01",42639-1,1,,
"2024-08-24 00:00:01",60409-1,1,,
"2024-08-24 00:00:01",10334-1,1,,"displayed"
"2024-09-15 00:00:01",42176-1,1,,
